{
  "results": [
    {
      "match": 1,
      "bot1_avg_step_time": 0.004283328,
      "bot1_tags": [
        "version_250072afeddc34f26eae0932af41fda7ceb49a7b"
      ],
      "bot2_avg_step_time": 0.0006619732,
      "bot2_tags": [],
      "type": "Player1Win",
      "game_steps": 4712
    },
    {
      "match": 2,
      "bot1_avg_step_time": 0.004156425,
      "bot1_tags": [
        "version_250072afeddc34f26eae0932af41fda7ceb49a7b"
      ],
      "bot2_avg_step_time": 0.0020403208,
      "bot2_tags": [],
      "type": "Player1Win",
      "game_steps": 5160
    },
    {
      "match": 3,
      "bot1_avg_step_time": 0.004404573,
      "bot1_tags": [
        "version_250072afeddc34f26eae0932af41fda7ceb49a7b"
      ],
      "bot2_avg_step_time": 0.0005977317,
      "bot2_tags": [],
      "type": "Player1Win",
      "game_steps": 4720
    },
    {
      "match": 4,
      "bot1_avg_step_time": 0.0042018695,
      "bot1_tags": [
        "version_250072afeddc34f26eae0932af41fda7ceb49a7b"
      ],
      "bot2_avg_step_time": 0.00058421114,
      "bot2_tags": [],
      "type": "Player1Win",
      "game_steps": 4504
    },
    {
      "match": 5,
      "bot1_avg_step_time": 0.004150899,
      "bot1_tags": [
        "version_250072afeddc34f26eae0932af41fda7ceb49a7b"
      ],
      "bot2_avg_step_time": 0.0014204248,
      "bot2_tags": [],
      "type": "Player1Win",
      "game_steps": 4656
    },
    {
      "match": 6,
      "bot1_avg_step_time": 0.0043090004,
      "bot1_tags": [
        "version_250072afeddc34f26eae0932af41fda7ceb49a7b"
      ],
      "bot2_avg_step_time": 0.0005637303,
      "bot2_tags": [],
      "type": "Player1Win",
      "game_steps": 4496
    },
    {
      "match": 7,
      "bot1_avg_step_time": 0.00437914,
      "bot1_tags": [
        "version_250072afeddc34f26eae0932af41fda7ceb49a7b"
      ],
      "bot2_avg_step_time": 0.0007662724,
      "bot2_tags": [],
      "type": "Player1Win",
      "game_steps": 4752
    },
    {
      "match": 8,
      "bot1_avg_step_time": 0.0045326645,
      "bot1_tags": [
        "version_250072afeddc34f26eae0932af41fda7ceb49a7b"
      ],
      "bot2_avg_step_time": 0.00050525914,
      "bot2_tags": [],
      "type": "Player1Win",
      "game_steps": 5016
    },
    {
      "match": 9,
      "bot1_avg_step_time": 0.0041113133,
      "bot1_tags": [
        "version_250072afeddc34f26eae0932af41fda7ceb49a7b"
      ],
      "bot2_avg_step_time": 0.0010674766,
      "bot2_tags": [],
      "type": "Player1Win",
      "game_steps": 4584
    },
    {
      "match": 10,
      "bot1_avg_step_time": 0.0043050274,
      "bot1_tags": [
        "version_250072afeddc34f26eae0932af41fda7ceb49a7b"
      ],
      "bot2_avg_step_time": 0.0007962497,
      "bot2_tags": [],
      "type": "Player1Win",
      "game_steps": 4496
    },
    {
      "match": 11,
      "bot1_avg_step_time": 0.00017394802,
      "bot1_tags": [],
      "bot2_avg_step_time": 0.00069813937,
      "bot2_tags": [],
      "type": "Player1Win",
      "game_steps": 3672
    },
    {
      "match": 12,
      "bot1_avg_step_time": 0.00017733009,
      "bot1_tags": [],
      "bot2_avg_step_time": 0.0007687169,
      "bot2_tags": [],
      "type": "Player1Win",
      "game_steps": 3432
    },
    {
      "match": 13,
      "bot1_avg_step_time": 0.00016131971,
      "bot1_tags": [],
      "bot2_avg_step_time": 0.001361788,
      "bot2_tags": [],
      "type": "Player1Win",
      "game_steps": 5560
    },
    {
      "match": 14,
      "bot1_avg_step_time": 0.00017792615,
      "bot1_tags": [],
      "bot2_avg_step_time": 0.00089490856,
      "bot2_tags": [],
      "type": "Player1Win",
      "game_steps": 3184
    },
    {
      "match": 15,
      "bot1_avg_step_time": 0.00018984827,
      "bot1_tags": [],
      "bot2_avg_step_time": 0.0011703289,
      "bot2_tags": [],
      "type": "Player1Win",
      "game_steps": 2656
    },
    {
      "match": 16,
      "bot1_avg_step_time": 0.00013852268,
      "bot1_tags": [],
      "bot2_avg_step_time": 0.00019924885,
      "bot2_tags": [],
      "type": "Tie",
      "game_steps": 80648
    },
    {
      "match": 17,
      "bot1_avg_step_time": 0.00018217854,
      "bot1_tags": [],
      "bot2_avg_step_time": 0.0007657947,
      "bot2_tags": [],
      "type": "Player1Win",
      "game_steps": 3152
    },
    {
      "match": 18,
      "bot1_avg_step_time": 0.00013939064,
      "bot1_tags": [],
      "bot2_avg_step_time": 0.00018226725,
      "bot2_tags": [],
      "type": "Tie",
      "game_steps": 80648
    },
    {
      "match": 19,
      "bot1_avg_step_time": 0.00017043372,
      "bot1_tags": [],
      "bot2_avg_step_time": 0.0009367753,
      "bot2_tags": [],
      "type": "Player1Win",
      "game_steps": 3912
    },
    {
      "match": 20,
      "bot1_avg_step_time": 0.00018112254,
      "bot1_tags": [],
      "bot2_avg_step_time": 0.001165965,
      "bot2_tags": [],
      "type": "Player1Win",
      "game_steps": 2944
    },
    {
      "match": 21,
      "bot1_avg_step_time": 0.0042834184,
      "bot1_tags": [
        "BotVSEarlyBioTerran",
        "BotVSMidBioTerran"
      ],
      "bot2_avg_step_time": 0.00481854,
      "bot2_tags": [],
      "type": "Player1Win",
      "game_steps": 29976
    },
    {
      "match": 22,
      "bot1_avg_step_time": 0.0043009617,
      "bot1_tags": [
        "BotVSEarlyBioTerran",
        "BotVSMidBioTerran"
      ],
      "bot2_avg_step_time": 0.0049326527,
      "bot2_tags": [],
      "type": "Player1Win",
      "game_steps": 29064
    },
    {
      "match": 23,
      "bot1_avg_step_time": 0.0039334735,
      "bot1_tags": [
        "BotVSEarlyBioTerran",
        "BotVSMidBioTerran"
      ],
      "bot2_avg_step_time": 0.0045138337,
      "bot2_tags": [],
      "type": "Player1Win",
      "game_steps": 25464
    },
    {
      "match": 24,
      "bot1_avg_step_time": 0.0040876637,
      "bot1_tags": [
        "BotVSEarlyBioTerran",
        "BotVSMidMacro",
        "BotVSMidBioTerran"
      ],
      "bot2_avg_step_time": 0.004154161,
      "bot2_tags": [],
      "type": "Player1Win",
      "game_steps": 29224
    },
    {
      "match": 25,
      "bot1_avg_step_time": 0.0039034872,
      "bot1_tags": [
        "BotVSEarlyBioTerran",
        "BotVSMidBioTerran"
      ],
      "bot2_avg_step_time": 0.003075752,
      "bot2_tags": [],
      "type": "Player1Win",
      "game_steps": 28536
    },
    {
      "match": 26,
      "bot1_avg_step_time": 0.0019669975,
      "bot1_tags": [
        "BotVSEarlyBioTerran",
        "BotVSMidBioTerran"
      ],
      "bot2_avg_step_time": 0.0046818485,
      "bot2_tags": [],
      "type": "Player2Win",
      "game_steps": 16616
    },
    {
      "match": 27,
      "bot1_avg_step_time": 0.0043641403,
      "bot1_tags": [
        "BotVSEarlyBioTerran",
        "BotVSMidBioTerran"
      ],
      "bot2_avg_step_time": 0.005298717,
      "bot2_tags": [],
      "type": "Player1Win",
      "game_steps": 29968
    },
    {
      "match": 28,
      "bot1_avg_step_time": 0.0038953952,
      "bot1_tags": [
        "BotVSEarlyBioTerran",
        "BotVSMidBioTerran"
      ],
      "bot2_avg_step_time": 0.008621285,
      "bot2_tags": [],
      "type": "Player1Win",
      "game_steps": 35744
    },
    {
      "match": 29,
      "bot1_avg_step_time": 0.004317728,
      "bot1_tags": [
        "BotVSEarlyBioTerran",
        "BotVSMidBioTerran"
      ],
      "bot2_avg_step_time": 0.004531417,
      "bot2_tags": [],
      "type": "Player1Win",
      "game_steps": 28128
    },
    {
      "match": 30,
      "bot1_avg_step_time": 0.003948058,
      "bot1_tags": [
        "BotVSEarlyBioTerran",
        "BotVSMidBioTerran"
      ],
      "bot2_avg_step_time": 0.0021901259,
      "bot2_tags": [],
      "type": "Player1Win",
      "game_steps": 25504
    },
    {
      "match": 31,
      "bot1_avg_step_time": 0.0040486515,
      "bot1_tags": [
        " Version_250324f",
        " 2_Base_Terran",
        " 3_Base_Terran"
      ],
      "bot2_avg_step_time": 0.001846848,
      "bot2_tags": [],
      "type": "Player1Win",
      "game_steps": 10536
    },
    {
      "match": 32,
      "bot1_avg_step_time": 0.005422104,
      "bot1_tags": [
        " Version_250324f",
        " 2_Base_Terran",
        " 3_Base_Terran"
      ],
      "bot2_avg_step_time": 0.0017575421,
      "bot2_tags": [],
      "type": "Player1Win",
      "game_steps": 10808
    },
    {
      "match": 33,
      "bot1_avg_step_time": 0.0045292964,
      "bot1_tags": [
        " Version_250324f",
        " 2_Base_Terran",
        " 3_Base_Terran"
      ],
      "bot2_avg_step_time": 0.00097186543,
      "bot2_tags": [],
      "type": "Player1Win",
      "game_steps": 10680
    },
    {
      "match": 34,
      "bot1_avg_step_time": 0.0050210995,
      "bot1_tags": [
        " Version_250324f",
        " 2_Base_Terran",
        " 3_Base_Terran"
      ],
      "bot2_avg_step_time": 0.0021406852,
      "bot2_tags": [],
      "type": "Player1Win",
      "game_steps": 12568
    },
    {
      "match": 35,
      "bot1_avg_step_time": 0.0042513595,
      "bot1_tags": [
        " Version_250324f",
        " Terran_Agressive",
        " 3_Base_Terran"
      ],
      "bot2_avg_step_time": 0.001791816,
      "bot2_tags": [],
      "type": "Player1Win",
      "game_steps": 10152
    },
    {
      "match": 36,
      "bot1_avg_step_time": 0.004896182,
      "bot1_tags": [
        " Version_250324f",
        " 2_Base_Terran",
        " 3_Base_Terran"
      ],
      "bot2_avg_step_time": 0.0016313624,
      "bot2_tags": [],
      "type": "Player1Win",
      "game_steps": 12000
    },
    {
      "match": 37,
      "bot1_avg_step_time": 0.004769797,
      "bot1_tags": [
        " Version_250324f",
        " 2_Base_Terran",
        " 3_Base_Terran"
      ],
      "bot2_avg_step_time": 0.0009811532,
      "bot2_tags": [],
      "type": "Player1Win",
      "game_steps": 10968
    },
    {
      "match": 38,
      "bot1_avg_step_time": 0.004414364,
      "bot1_tags": [
        " Version_250324f",
        " 2_Base_Terran",
        " 3_Base_Terran"
      ],
      "bot2_avg_step_time": 0.0017983358,
      "bot2_tags": [],
      "type": "Player1Win",
      "game_steps": 10664
    },
    {
      "match": 39,
      "bot1_avg_step_time": 0.006021658,
      "bot1_tags": [
        " Version_250324f",
        " 2_Base_Terran",
        " 3_Base_Terran"
      ],
      "bot2_avg_step_time": 0.0020054595,
      "bot2_tags": [],
      "type": "Player2Win",
      "game_steps": 14456
    },
    {
      "match": 40,
      "bot1_avg_step_time": 0.0044812458,
      "bot1_tags": [
        " Version_250324f",
        " 2_Base_Terran",
        " 3_Base_Terran"
      ],
      "bot2_avg_step_time": 0.0022008615,
      "bot2_tags": [],
      "type": "Player1Win",
      "game_steps": 11232
    },
    {
      "match": 41,
      "bot1_avg_step_time": 0.0018885776,
      "bot1_tags": [],
      "bot2_avg_step_time": 0.0010978541,
      "bot2_tags": [],
      "type": "Player1Win",
      "game_steps": 9440
    },
    {
      "match": 42,
      "bot1_avg_step_time": 0.0017912774,
      "bot1_tags": [],
      "bot2_avg_step_time": 0.0008177005,
      "bot2_tags": [],
      "type": "Player1Win",
      "game_steps": 8552
    },
    {
      "match": 43,
      "bot1_avg_step_time": 0.0018360644,
      "bot1_tags": [],
      "bot2_avg_step_time": 0.0006089517,
      "bot2_tags": [],
      "type": "Player1Win",
      "game_steps": 8784
    },
    {
      "match": 44,
      "bot1_avg_step_time": 0.0021525552,
      "bot1_tags": [],
      "bot2_avg_step_time": 0.0006754128,
      "bot2_tags": [],
      "type": "Player1Win",
      "game_steps": 10216
    },
    {
      "match": 45,
      "bot1_avg_step_time": 0.0017084097,
      "bot1_tags": [],
      "bot2_avg_step_time": 0.00040654727,
      "bot2_tags": [],
      "type": "Player1Win",
      "game_steps": 8712
    },
    {
      "match": 46,
      "bot1_avg_step_time": 0.0021304304,
      "bot1_tags": [],
      "bot2_avg_step_time": 0.00054602633,
      "bot2_tags": [],
      "type": "Player1Win",
      "game_steps": 10264
    },
    {
      "match": 47,
      "bot1_avg_step_time": 0.0018001535,
      "bot1_tags": [],
      "bot2_avg_step_time": 0.00059210416,
      "bot2_tags": [],
      "type": "Player1Win",
      "game_steps": 8408
    },
    {
      "match": 48,
      "bot1_avg_step_time": 0.0020713052,
      "bot1_tags": [],
      "bot2_avg_step_time": 0.000747902,
      "bot2_tags": [],
      "type": "Player1Win",
      "game_steps": 9328
    },
    {
      "match": 49,
      "bot1_avg_step_time": 0.0025604565,
      "bot1_tags": [],
      "bot2_avg_step_time": 0.00065953017,
      "bot2_tags": [],
      "type": "Player1Win",
      "game_steps": 11232
    },
    {
      "match": 50,
      "bot1_avg_step_time": 0.0019838815,
      "bot1_tags": [],
      "bot2_avg_step_time": 0.0011005031,
      "bot2_tags": [],
      "type": "Player1Win",
      "game_steps": 8688
    },
    {
      "match": 51,
      "bot1_avg_step_time": 0.0030379777,
      "bot1_tags": [],
      "bot2_avg_step_time": 0.0025637662,
      "bot2_tags": [],
      "type": "Player1Win",
      "game_steps": 9296
    },
    {
      "match": 52,
      "bot1_avg_step_time": 0.003023988,
      "bot1_tags": [],
      "bot2_avg_step_time": 0.0016590861,
      "bot2_tags": [],
      "type": "Player1Win",
      "game_steps": 10208
    },
    {
      "match": 53,
      "bot1_avg_step_time": 0.0029868176,
      "bot1_tags": [],
      "bot2_avg_step_time": 0.0011111482,
      "bot2_tags": [],
      "type": "Player1Win",
      "game_steps": 9312
    },
    {
      "match": 54,
      "bot1_avg_step_time": 0.0032908614,
      "bot1_tags": [],
      "bot2_avg_step_time": 0.0008129064,
      "bot2_tags": [],
      "type": "Player1Win",
      "game_steps": 10808
    },
    {
      "match": 55,
      "bot1_avg_step_time": 0.0029709293,
      "bot1_tags": [],
      "bot2_avg_step_time": 0.00072228146,
      "bot2_tags": [],
      "type": "Player2Crash",
      "game_steps": 8840
    },
    {
      "match": 56,
      "bot1_avg_step_time": 0.003002289,
      "bot1_tags": [],
      "bot2_avg_step_time": 0.0009112122,
      "bot2_tags": [],
      "type": "Player1Win",
      "game_steps": 9728
    },
    {
      "match": 57,
      "bot1_avg_step_time": 0.0029744138,
      "bot1_tags": [],
      "bot2_avg_step_time": 0.0006477477,
      "bot2_tags": [],
      "type": "Player1Win",
      "game_steps": 9176
    },
    {
      "match": 58,
      "bot1_avg_step_time": 0.0029753642,
      "bot1_tags": [],
      "bot2_avg_step_time": 0.0011618959,
      "bot2_tags": [],
      "type": "Player1Win",
      "game_steps": 9888
    },
    {
      "match": 59,
      "bot1_avg_step_time": 0.0029313583,
      "bot1_tags": [],
      "bot2_avg_step_time": 0.0019026479,
      "bot2_tags": [],
      "type": "Player1Win",
      "game_steps": 9280
    },
    {
      "match": 60,
      "bot1_avg_step_time": 0.0031239656,
      "bot1_tags": [],
      "bot2_avg_step_time": 0.0017926857,
      "bot2_tags": [],
      "type": "Player1Win",
      "game_steps": 9904
    },
    {
      "match": 61,
      "bot1_avg_step_time": 0.0020754102,
      "bot1_tags": [
        " BuildFail"
      ],
      "bot2_avg_step_time": 0.0020913316,
      "bot2_tags": [],
      "type": "Player1Win",
      "game_steps": 24984
    },
    {
      "match": 62,
      "bot1_avg_step_time": 0.0021350186,
      "bot1_tags": [
        " BuildFail",
        "buildTerminated 32",
        "buildMinerals 805",
        "buildSupply 64 78"
      ],
      "bot2_avg_step_time": 0.0032541975,
      "bot2_tags": [],
      "type": "Player1Win",
      "game_steps": 14656
    },
    {
      "match": 63,
      "bot1_avg_step_time": 0.002262471,
      "bot1_tags": [
        " BuildFail",
        "buildTerminated 31",
        "buildMinerals 670",
        "buildSupply 64 86"
      ],
      "bot2_avg_step_time": 0.0022513536,
      "bot2_tags": [],
      "type": "Player1Win",
      "game_steps": 14192
    },
    {
      "match": 64,
      "bot1_avg_step_time": 0.0020726982,
      "bot1_tags": [
        " BuildFail",
        "buildTerminated 32",
        "buildMinerals 805",
        "buildSupply 66 86"
      ],
      "bot2_avg_step_time": 0.0046888124,
      "bot2_tags": [],
      "type": "Player2Win",
      "game_steps": 26528
    },
    {
      "match": 65,
      "bot1_avg_step_time": 0.0021744557,
      "bot1_tags": [
        " BuildFail"
      ],
      "bot2_avg_step_time": 0.0018414157,
      "bot2_tags": [],
      "type": "Player1Win",
      "game_steps": 16672
    },
    {
      "match": 66,
      "bot1_avg_step_time": 0.0019099282,
      "bot1_tags": [
        " BuildFail",
        "buildTerminated 26",
        "buildMinerals 256",
        "buildSupply 61 86"
      ],
      "bot2_avg_step_time": 0.003432952,
      "bot2_tags": [],
      "type": "Player2Win",
      "game_steps": 12872
    },
    {
      "match": 67,
      "bot1_avg_step_time": 0.001906484,
      "bot1_tags": [
        " BuildFail",
        "buildTerminated 26",
        "buildMinerals 62",
        "buildSupply 48 87"
      ],
      "bot2_avg_step_time": 0.0034559404,
      "bot2_tags": [],
      "type": "Player2Win",
      "game_steps": 12648
    },
    {
      "match": 68,
      "bot1_avg_step_time": 0.0023203492,
      "bot1_tags": [
        " BuildFail",
        "buildTerminated 31",
        "buildMinerals 430",
        "buildSupply 64 102"
      ],
      "bot2_avg_step_time": 0.0010600726,
      "bot2_tags": [],
      "type": "Player1Win",
      "game_steps": 13680
    },
    {
      "match": 69,
      "bot1_avg_step_time": 0.0022240689,
      "bot1_tags": [
        " BuildFail",
        "buildTerminated 31",
        "buildMinerals 530",
        "buildSupply 75 86"
      ],
      "bot2_avg_step_time": 0.0023943044,
      "bot2_tags": [],
      "type": "Player1Win",
      "game_steps": 19512
    },
    {
      "match": 70,
      "bot1_avg_step_time": 0.0019068994,
      "bot1_tags": [
        " BuildFail",
        "buildTerminated 14",
        "buildMinerals 126",
        "buildSupply 36 79"
      ],
      "bot2_avg_step_time": 0.0014675049,
      "bot2_tags": [],
      "type": "Player2Win",
      "game_steps": 13464
    },
    {
      "match": 71,
      "bot1_avg_step_time": 0.00013059095,
      "bot1_tags": [
        "testing_tag"
      ],
      "bot2_avg_step_time": 0.001496742,
      "bot2_tags": [],
      "type": "Player1Win",
      "game_steps": 16816
    },
    {
      "match": 72,
      "bot1_avg_step_time": 0.00012597546,
      "bot1_tags": [
        "testing_tag"
      ],
      "bot2_avg_step_time": 0.0018288121,
      "bot2_tags": [],
      "type": "Player1Win",
      "game_steps": 13600
    },
    {
      "match": 73,
      "bot1_avg_step_time": 0.00011941906,
      "bot1_tags": [
        "testing_tag"
      ],
      "bot2_avg_step_time": 0.0026800002,
      "bot2_tags": [],
      "type": "Player1Win",
      "game_steps": 10992
    },
    {
      "match": 74,
      "bot1_avg_step_time": 0.000118079006,
      "bot1_tags": [
        "testing_tag"
      ],
      "bot2_avg_step_time": 0.0015176568,
      "bot2_tags": [],
      "type": "Player1Win",
      "game_steps": 10392
    },
    {
      "match": 75,
      "bot2_avg_step_time": 0.0,
      "bot2_tags": [],
      "type": "Error",
      "game_steps": 0
    },
    {
      "match": 76,
      "bot1_avg_step_time": 0.00011942934,
      "bot1_tags": [
        "testing_tag"
      ],
      "bot2_avg_step_time": 0.0023757068,
      "bot2_tags": [],
      "type": "Player1Win",
      "game_steps": 10944
    },
    {
      "match": 77,
      "bot1_avg_step_time": 0.00012943044,
      "bot1_tags": [
        "testing_tag"
      ],
      "bot2_avg_step_time": 0.0016927007,
      "bot2_tags": [],
      "type": "Player1Win",
      "game_steps": 14360
    },
    {
      "match": 78,
      "bot1_avg_step_time": 0.000114575174,
      "bot1_tags": [
        "testing_tag"
      ],
      "bot2_avg_step_time": 0.001651921,
      "bot2_tags": [],
      "type": "Player2Crash",
      "game_steps": 9008
    },
    {
      "match": 79,
      "bot1_avg_step_time": 0.00012794507,
      "bot1_tags": [
        "testing_tag"
      ],
      "bot2_avg_step_time": 0.00237056,
      "bot2_tags": [],
      "type": "Player1Win",
      "game_steps": 13568
    },
    {
      "match": 80,
      "bot1_avg_step_time": 0.00012703841,
      "bot1_tags": [
        "testing_tag"
      ],
      "bot2_avg_step_time": 0.002633744,
      "bot2_tags": [],
      "type": "Player1Win",
      "game_steps": 13232
    },
    {
      "match": 81,
      "bot1_avg_step_time": 0.0036255857,
      "bot1_tags": [],
      "bot2_avg_step_time": 0.00087394455,
      "bot2_tags": [],
      "type": "Player1Win",
      "game_steps": 13240
    },
    {
      "match": 82,
      "bot2_avg_step_time": 0.0,
      "bot2_tags": [],
      "type": "Error",
      "game_steps": 0
    },
    {
      "match": 83,
      "bot1_avg_step_time": 0.0032954745,
      "bot1_tags": [],
      "bot2_avg_step_time": 0.0009857559,
      "bot2_tags": [],
      "type": "Player1Win",
      "game_steps": 11520
    },
    {
      "match": 84,
      "bot1_avg_step_time": 0.0038378327,
      "bot1_tags": [],
      "bot2_avg_step_time": 0.002023054,
      "bot2_tags": [],
      "type": "Player1Win",
      "game_steps": 13272
    },
    {
      "match": 85,
      "bot1_avg_step_time": 0.0089334445,
      "bot1_tags": [],
      "bot2_avg_step_time": 0.00091526913,
      "bot2_tags": [],
      "type": "Player2Crash",
      "game_steps": 26912
    },
    {
      "match": 86,
      "bot1_avg_step_time": 0.003952372,
      "bot1_tags": [],
      "bot2_avg_step_time": 0.0015885755,
      "bot2_tags": [],
      "type": "Player1Win",
      "game_steps": 13808
    },
    {
      "match": 87,
      "bot1_avg_step_time": 0.004086135,
      "bot1_tags": [],
      "bot2_avg_step_time": 0.0014708767,
      "bot2_tags": [],
      "type": "Player1TimeOut",
      "game_steps": 13464
    },
    {
      "match": 88,
      "bot1_avg_step_time": 0.0033862973,
      "bot1_tags": [],
      "bot2_avg_step_time": 0.0006725164,
      "bot2_tags": [],
      "type": "Player1Win",
      "game_steps": 12552
    },
    {
      "match": 89,
      "bot1_avg_step_time": 0.0034909064,
      "bot1_tags": [],
      "bot2_avg_step_time": 0.001327762,
      "bot2_tags": [],
      "type": "Player1Win",
      "game_steps": 11368
    },
    {
      "match": 90,
      "bot2_avg_step_time": 0.0,
      "bot2_tags": [],
      "type": "Error",
      "game_steps": 0
    }
  ]
}